MET,THRUST,MAXTHRUST,ALTITUDE,SPEED,GROUNDSPEED,ACCELERATION,PITCH,AoA,Q,MASS,ETA:APOAPSIS,APOAPSIS,PERIAPSIS
-4.98,0,0,104.128422951326,0.00242397214203314,4.5791502845065E-05,0,89.4579909682995,0.587320632965331,3.38736343215504E-11,51.0678825378418,0.000247454973418826,90.425689025782,-6362518.45373036
-4.88,0,0,104.128421094269,0.00242009734924143,5.47827446658396E-05,0,89.4579858874365,0.760000772740439,3.39013484401045E-11,51.0678825378418,0.000247040188583014,90.4256894178689,-6362518.45325305
-4.78,0,0,104.128424338065,0.00242179209220979,3.97262574733944E-05,0,89.4579878268219,0.417833295118255,3.40039049800505E-11,51.0678825378418,0.000247243281819465,90.4256897168234,-6362518.4538421
-4.68,0,0,104.128423726186,0.00240802647179621,4.4875647593402E-05,0,89.4579881227779,0.529249219889166,3.39347864011505E-11,51.0678825378418,0.000245828317929409,90.4256896572188,-6362518.45362184
-4.58,0,0,104.128423579037,0.00241761950780543,4.93781893046521E-05,0,89.4579817858708,0.629283976918626,3.38008468395179E-11,51.0678825378418,0.000246799016167643,90.4256896199659,-6362518.45343663
-4.48,0,0,104.128423098475,0.00242225382638499,3.99004239737914E-05,0,89.4579922432286,0.401835932954521,3.38770335304544E-11,51.0678825378418,0.000247290140237055,90.4256896181032,-6362518.45383642
-4.38,0,0,104.128423801623,0.00242433570757775,4.74413345275031E-05,0,89.4579922432273,0.579278730329485,3.40630779772296E-11,51.0678825378418,0.000247488864033585,90.42568960879,-6362518.45352284
-4.28,0,0,104.128423176706,0.00242060946488811,4.48757477829501E-05,0,89.4579925391696,0.520508912392666,3.40513237042234E-11,51.0678825378418,0.000247113322870973,90.4256896115839,-6362518.45363392
-4.18,0,0,104.128423797898,0.00242352807048053,4.53091841266358E-05,0,89.457992243228,0.52948895783576,3.40352973569853E-11,51.0678825378418,0.000247410554720773,90.4256896134466,-6362518.45361613
-4.08,0,0,104.128423218615,0.00242660962140021,4.67538045790973E-05,0,89.4579909682968,0.562438152625911,3.40522506379655E-11,51.0678825378418,0.000247722450467336,90.4256896162406,-6362518.4535581
-3.98,0,0,104.128423880786,0.0024274954967086,4.42340563421173E-05,0,89.457992243228,0.502418185718419,3.41241856143913E-11,51.0678825378418,0.000247817744252643,90.4256896264851,-6362518.45366104
-3.88,0,0,104.128423223272,0.00242869591877065,4.75126812588156E-05,0,89.4579922432273,0.579402134434803,3.41559865548742E-11,51.0678825378418,0.00024793400461931,90.4256896153092,-6362518.45352684
-3.78,0,0,104.128423891962,0.00242648602972292,4.46969197265063E-05,0,89.4579925391702,0.513861797588215,3.41587352984159E-11,51.0678825378418,0.000247713787643988,90.4256896218285,-6362518.45364254
-3.68,0,0,104.128423213027,0.00242734686636666,4.56471321120936E-05,0,89.4579909682968,0.535995589090667,3.41672666441514E-11,51.0678825378418,0.000247799887802103,90.4256896134466,-6362518.45360392
-3.58,0,0,104.128423907794,0.00242865577192637,4.62536761318525E-05,0,89.4579922432273,0.549407722420949,3.41643576622792E-11,51.0678825378418,0.000247932389129346,90.4256896246225,-6362518.45357599
-3.48,0,0,104.128423075192,0.00242199636597997,4.64471944775372E-05,0,89.4579922432273,0.557272665131774,3.41555807127114E-11,51.0678825378418,0.000247251928044534,90.4256896125153,-6362518.45357065
-3.38,0,0,104.128423921764,0.0024276555523134,4.5128585090592E-05,0,89.457992243228,0.523464618845363,3.41191704520595E-11,51.0678825378418,0.000247832408263093,90.4256896283478,-6362518.45362411
-3.28,0,0,104.128423302434,0.00242960369051067,4.55380668351625E-05,0,89.4579922432273,0.5326366357711,3.41206606598902E-11,51.0678825378418,0.000248030574539371,90.4256896339357,-6362518.45360983
-3.18,0,0,104.128423782066,0.00242338464776592,4.65127924728624E-05,0,89.4579896935166,0.557868007671276,3.41544649089253E-11,51.0678825378418,0.000247393579456912,90.4256896125153,-6362518.45356479
-3.08,0,0,104.128423055634,0.00242274090468066,4.63741595136681E-05,0,89.4579922432273,0.554974101240882,3.4043618397941E-11,51.0678825378418,0.00024732810891237,90.4256896078587,-6362518.45357161
-2.98,0,0,104.128423617221,0.00242220628147854,4.49173880231264E-05,0,89.457980639822,0.520712992340523,3.40024744577987E-11,51.0678825378418,0.000247276312052236,90.4256896143779,-6362518.45363157
-2.88,0.00715114129707217,0.00715114129707217,104.128422260284,0.00239195857297909,4.93234350651963E-05,0.000140033994599944,89.457992243236,0.643523506135346,3.39172541391424E-11,51.0671806335449,0.000244178478510548,90.4257941124961,-6362518.45343588
-2.78,0.027311772108078,0.027311772108078,104.12842334155,0.00241963695591154,4.90490147747064E-05,0.000534820441803233,89.4579922432387,0.619928823701449,3.37997905245475E-11,51.0671806335449,0.000247005736014216,90.4257941832766,-6362518.45346241
-2.68,0.0511960238218308,0.0511960238218308,104.12842036318,0.00238732750570901,4.20621463659351E-05,0.00100252301354191,89.457989693528,0.477286690735204,3.37263004641727E-11,51.0671806335449,0.000243719711079393,90.425793228671,-6362518.45373941
-2.58,0.0794826373457909,0.0794826373457909,104.128420705907,0.00238044064787671,5.05888061509135E-05,0.00155643284707949,89.4579864230218,0.675789745751319,3.3789209990632E-11,51.0671806335449,0.000242999475858596,90.4257930330932,-6362518.45339489
-2.48,0.11300153285265,0.11300153285265,104.128423722461,0.00245842426007689,4.24839372080329E-05,0.00221280147935994,89.4579864230245,0.451408016151633,3.3996770160403E-11,51.0671806335449,0.000250979388511041,90.4257951872423,-6362518.45372103
-2.38,0.152767553925514,0.152767553925514,104.128423338756,0.00242006793340648,4.23601161240682E-05,0.00299150162649012,89.457977498374,0.470220079007355,3.38646721765372E-11,51.0671806335449,0.000247062650032603,90.4257941218093,-6362518.45372679
-2.28,0.20000384747982,0.20000384747982,104.128422049806,0.00239515558247484,4.75220942298239E-05,0.00391648501050089,89.4579786439858,0.610757721359717,3.39348210117152E-11,51.0671806335449,0.00024450869671,90.4257948361337,-6362518.45351769
-2.18,0.256160348653793,0.256160348653793,104.128422548994,0.00243861867744783,4.66828708167912E-05,0.00501614433136587,89.4579794940897,0.555233284566295,3.38867886631738E-11,51.0671806335449,0.000248948997750631,90.4257941283286,-6362518.45355026
-2.08,0.322930335998535,0.322930335998535,104.128421909176,0.00241557168472634,4.38452571402214E-05,0.00632363745153397,89.4579777941811,0.503794957068606,3.3736220147732E-11,51.0671806335449,0.000246600783611939,90.4257938172668,-6362518.45366406
-1.98,0.402288466691971,0.402288466691971,104.128422570415,0.00243128808355727,4.86727607498858E-05,0.00787763220332779,89.4579922432381,0.621821462110085,3.39306127003162E-11,51.0671806335449,0.000248196385086885,90.4257942968979,-6362518.45347086
-1.88,0.49654433131218,0.49654433131218,104.128422638401,0.00243503575656809,4.7231259826633E-05,0.00972335510110402,89.4579698488028,0.571520233489783,3.40047204577658E-11,51.0671806335449,0.000248582015160537,90.4257934652269,-6362518.45354728
-1.78,0.608299911022186,0.608299911022186,104.128422996961,0.00242667235416022,4.43976451366774E-05,0.0119117582657893,89.4579769442305,0.509790870826014,3.42289552605789E-11,51.0671806335449,0.000247733377818804,90.425794897601,-6362518.45366848
-1.68,0.740551888942719,0.740551888942719,104.128418455832,0.00244426280775933,5.20204388909762E-05,0.014501522891128,89.4579779610889,0.680498628845316,3.39999124925512E-11,51.0671806335449,0.000249514386268856,90.4257938470691,-6362518.45332378
-1.58,0.896940171718597,0.896940171718597,104.128421615809,0.00237983142389519,4.03288993814299E-05,0.0175639258050094,89.4579779610862,0.437843231849835,3.38729803273245E-11,51.0671806335449,0.000242957270756961,90.425793110393,-6362518.45381107
-1.48,1.08192503452301,1.08192503452301,104.128421368077,0.00242903998067427,4.63776441205467E-05,0.0211863083315063,89.457992243236,0.55281093967825,3.40798523858222E-11,51.0671806335449,0.000247971381327261,90.4257932854816,-6362518.45357544
-1.38,1.30100178718567,1.30100178718567,104.128422805108,0.00239415750435196,4.7530993415992E-05,0.0254762798933738,89.4579858310896,0.604719040895623,3.41165329609741E-11,51.0671806335449,0.000244406744968728,90.4257948100567,-6362518.45351209
-1.28,1.56091165542603,1.56091165542603,104.128422340378,0.00242583044278403,4.55502552080477E-05,0.0305658474985536,89.4579816189713,0.541443638928054,3.38363793339457E-11,51.0671806335449,0.000247645215608827,90.4257940901443,-6362518.45359356
-1.18,1.86983406543732,1.86983406543732,104.128422387876,0.00239348289781605,4.6000465615604E-05,0.0366151810661947,89.4579794940877,0.57115952417691,3.3696790123548E-11,51.0671806335449,0.000244340908011509,90.4257940985262,-6362518.45357734
-1.08,2.23750519752502,2.23750519752502,104.128422359005,0.0024040221472468,4.76556618840348E-05,0.0438149349497328,89.4579925391803,0.59406350681696,3.39672496351704E-11,51.0671806335449,0.000245413926904803,90.4257950959727,-6362518.45351071
-0.98,2.675213098526,2.675213098526,104.128423472866,0.00243112584829965,4.6739808262255E-05,0.0523861522280459,89.4579878268266,0.564614321494677,3.37388493710214E-11,51.0671806335449,0.000248183691496706,90.425794175826,-6362518.45354347
-0.88,3.19549775123596,3.19549775123596,104.128422074951,0.00239260831001769,4.39326550177512E-05,0.062574391450483,89.4579806398315,0.512664612323801,3.37810436279647E-11,51.0671806335449,0.000244255557390716,90.4257950466126,-6362518.45366096
-0.78,3.81216645240784,3.81216645240784,104.128423760645,0.00243196242905535,4.67494062180052E-05,0.0746500277695712,89.4579881227886,0.561075949376603,3.38909837686948E-11,51.0671806335449,0.000248269105668442,90.4257941925898,-6362518.45354449
-0.68,4.54160976409912,4.54160976409912,104.128422395326,0.00238608521284697,4.30946167333886E-05,0.0889340219639193,89.4579922432367,0.493152480021716,3.39629620416133E-11,51.0671806335449,0.000243590968466378,90.4257941413671,-6362518.45369977
-0.58,5.40389966964722,5.40389966964722,104.128423219547,0.00244640970151043,4.65365207223572E-05,0.105819424581617,89.4579922432374,0.552241434502368,3.40417185807681E-11,51.0671806335449,0.000249744930897577,90.4257948510349,-6362518.45358427
-0.48,6.42371273040771,6.42371273040771,104.128422262147,0.00240253234325015,4.64969643001502E-05,0.125789453240113,89.4579878268273,0.578882445421731,3.38033045617589E-11,51.0671806335449,0.000245264097657127,90.4257940938696,-6362518.45355677
-0.38,7.63148736953735,7.63148736953735,104.128422936425,0.00244581120007876,4.72409363320812E-05,0.149440154613204,89.4579822105364,0.564759507373835,3.37556708821995E-11,51.0671806335449,0.000249682428602682,90.425795039162,-6362518.45352974
-0.28,78.5563354492188,78.5563354492188,104.128422356211,0.00245272323589967,4.78570694653968E-05,1.53829395855891,89.4579763336907,0.57599899333072,3.38363930364496E-11,51.0671806335449,0.000250387092251003,90.4257950615138,-6362518.45350492
-0.18,247.692916870117,247.692916870117,104.128421336412,0.00235873586697344,4.80768393747601E-05,4.85033467282141,89.457985831091,0.673159536325589,3.37745314781506E-11,51.0671806335449,0.00024078817557438,90.4257930377498,-6362518.45353563
-0.08,397.662841796875,397.662841796875,104.128420189023,0.00241671251641812,4.59540021687129E-05,7.787052993007,89.4579846499883,0.579349152947112,3.37269459562903E-11,51.0671806335449,0.000246713286628619,90.4257932016626,-6362518.45368615
0.02,520.476013183594,520.476013183594,104.12842380628,0.00244918466916248,4.87372137685528E-05,10.1923869315708,89.4579884184522,0.600925189844494,3.38566117114183E-11,51.0651741027832,0.000250023945000066,90.425826376304,-6362518.45346055
0.12,614.486328125,614.486328125,104.128423696384,0.00244943346173,4.52083322788315E-05,12.0345506054484,89.4579871058964,0.606854449800392,3.3921296987485E-11,51.0601806640625,0.000250056260824749,90.4259048197418,-6362518.45370972
0.22,682.690795898438,682.690795898438,104.133721983992,0.171493881216959,0.00793392260675533,13.6688475623141,89.4612281066282,2.11289361725411,7.7719094683558E-10,49.9450149536133,0.0174915991588023,90.6342768780887,-6362518.12526815
0.32,730.200622558594,730.200622558594,104.176968827844,0.619817672209199,0.0297419930557772,14.6286219110977,89.4789305247058,2.23030423704776,1.92384467895431E-07,49.915885925293,0.063213474481131,90.6961468588561,-6362517.2291949
0.42,762.218872070313,762.218872070313,104.269910071976,1.14461391316855,0.0481823349465412,15.2794554209191,89.5070513198384,1.92072508789026,1.97948659577985E-06,49.8852119445801,0.116767047675125,90.8368475856259,-6362516.47078545
0.52,783.176391601563,783.176391601563,104.418550275266,1.72054163962318,0.0647695145780089,15.7095519098923,89.5424035230676,1.70091858506567,6.99745380261261E-06,49.853515625,0.175551184246501,91.0702096680179,-6362515.78890157
0.62,796.509887695313,796.509887695313,104.626893237233,2.32977228231778,0.0795559329603485,15.9873816242453,89.582898287987,1.54084565280798,1.61203682651942E-05,49.821159362793,0.237742466860823,91.4049999639392,-6362515.18164486
0.72,804.787109375,804.787109375,104.89749621693,2.96026890830247,0.0923792496594831,16.1641529891025,89.6267023662582,1.41593912123975,2.99308801666898E-05,49.788387298584,0.30211087737996,91.8463632725179,-6362514.65593953
0.82,809.885070800781,809.885070800781,105.232003616169,3.60434257140273,0.103328691697064,16.2773433154421,89.6723250719984,1.31590297120695,4.87501091973165E-05,49.7553596496582,0.367870040782805,92.3972204662859,-6362514.20846693
0.92,813.129577636719,813.129577636719,105.631465750746,4.25731667296094,0.112415595073583,16.3534593540002,89.7184858819091,1.23220043032307,7.27376925506805E-05,49.7221755981445,0.434541762786466,93.0592783614993,-6362513.83899803
1.02,815.344177246094,815.344177246094,106.096604128368,4.91655000683843,0.119633127388995,16.4089852608428,89.7641829105235,1.15891035010494,0.000101972884644654,49.6888847351074,0.501855868722259,93.8337153457105,-6362513.54805409
1.12,819.542419433594,819.542419433594,106.628217533231,5.58532681647866,0.125141659535917,16.5045906961819,89.8083464026738,1.09241385195431,0.000136551858658228,49.6554222106934,0.570146998760606,94.7244607266039,-6362513.32917511
1.22,819.554626464844,819.554626464844,107.226920933463,6.25678575175628,0.129104736509913,16.5159767101875,89.8501821362916,1.03258230512316,0.000176643285477654,49.6219291687012,0.638713706053068,95.7297154488042,-6362513.17545676
1.32,819.568176269531,819.568176269531,107.892844689079,6.92940354244558,0.131552725711675,16.5274064546503,89.8889866172159,0.976802984414936,0.000222210776726777,49.5884323120117,0.707400149635077,96.8490683110431,-6362513.08621489
1.42,819.583312988281,819.583312988281,108.626099396497,7.60319994669315,0.132626454612721,16.5388824012569,89.9239596987244,0.92373317611457,0.000273098367962802,49.5549392700195,0.776207884787937,98.0828874493018,-6362513.05603674
1.52,819.599792480469,819.599792480469,109.426797086373,8.27811220223028,0.132550564124471,16.5504022608972,89.9540611449515,0.873069994866001,0.000329322004437082,49.5214424133301,0.845129972819336,99.4314764644951,-6362513.07569055
1.62,819.617797851563,819.617797851563,110.295068790205,8.95417671705666,0.131459592649453,16.5619672721025,89.975900770332,0.823930550672794,0.000390906483257706,49.4879493713379,0.914169847290509,100.895212624222,-6362513.13959045
1.72,819.637084960938,819.637084960938,111.231022165157,9.63144612816765,0.129684711230201,16.5735738656695,89.9779316173341,0.776800831272878,0.000457879793861163,49.4544563293457,0.983332382960043,102.474505330436,-6362513.23447693
1.82,819.657958984375,819.657958984375,112.234786828049,10.3100078636896,0.127062319053358,16.5852295813455,89.9655215649803,0.729321382932761,0.00053026886778541,49.4209594726563,1.0526267624989,104.169818522409,-6362513.36839374
1.92,819.680236816406,819.680236816406,113.30647346098,10.9896283621676,0.124292399365872,16.5969282503521,89.953420867979,0.684524304337606,0.000608096190774769,49.3874664306641,1.12202831455215,105.98126043193,-6362513.51009162
2.02,819.703918457031,819.703918457031,114.446209589019,11.6704283571832,0.121455721851249,16.6086725248799,89.9443725514316,0.642027409297419,0.000691384755333294,49.3539695739746,1.19154945482296,107.909313202836,-6362513.6564703
2.12,819.747131347656,819.747131347656,115.654104178771,12.3524804032723,0.118615839459168,16.6208274734751,89.9386575901523,0.601478378524035,0.000780162076680194,49.3204765319824,1.26119768587171,109.954435434192,-6362513.80587627
2.22,819.999694824219,819.999694824219,116.930302781984,13.0360112707194,0.115712097781821,16.6372491009293,89.9364180950054,0.561846088822749,0.000874459863620297,49.2869758605957,1.33099635606573,112.117322753184,-6362513.96087433
2.32,820.54638671875,820.54638671875,118.274962646887,13.7215070113053,0.113197067053173,16.659669957764,89.9371566809996,0.52501894011211,0.000974333604482377,49.2534599304199,1.40099482519088,114.399131188169,-6362514.10020541
2.42,821.246704101563,821.246704101563,119.688323127106,14.409474186896,0.110957626539757,16.6852516053609,89.9403638750054,0.490254829935487,0.00107988949327871,49.2199172973633,1.47124506715522,116.801253406331,-6362514.22983374
2.52,821.886596679688,821.886596679688,121.170641979203,15.0999018957024,0.109065923379047,16.709648728632,89.9458035206527,0.457586943765865,0.00119124856624885,49.1863479614258,1.54174603275453,119.32445003558,-6362514.34609285
2.62,822.261108398438,822.261108398438,122.722143600695,15.7925351016178,0.10766916560713,16.7286865659804,89.9528611833243,0.427700668667529,0.00130847156994107,49.152759552002,1.61247168797343,121.969055292197,-6362514.44023194
2.72,822.253295898438,822.253295898438,124.343002630398,16.4866820743798,0.1066857481958,16.7399681352439,89.961082210262,0.40021664280847,0.00143155218339865,49.1191673278809,1.68335155597435,124.734550828114,-6362514.5181173
2.82,821.859130859375,821.859130859375,126.033316046931,17.1813795163223,0.106208676452564,16.7433902426362,89.9699901574975,0.375578500475455,0.00156042104869797,49.0855865478516,1.75428729754026,127.619661111385,-6362514.57403805
2.92,821.180114746094,821.180114746094,127.793100760318,17.8760470350606,0.106159458780937,16.7410007982147,89.9791541498722,0.353497021023195,0.00169495428569107,49.0520324707031,1.82521976728458,130.623465431854,-6362514.61012882
3.02,820.358276367188,820.358276367188,129.622332766652,18.5702182708801,0.106532096028807,16.7356840220179,89.9879004437848,0.334064782787727,0.00183502683065318,49.0185089111328,1.89610140254445,133.745044575073,-6362514.62573048
3.12,819.531372070313,819.531372070313,131.520946820267,19.2637923810574,0.107249979078566,16.7302448250461,89.9941702290414,0.317073919598404,0.00198053288603335,48.9850196838379,1.96692199156985,136.984034364112,-6362514.62320902
3.22,818.958557128906,818.958557128906,133.488892429508,19.9570585115835,0.108339744382998,16.7299770837147,89.9915265985407,0.302571637607827,0.00213141730538547,48.9515647888184,2.03771107527382,140.340844112448,-6362514.60352715
3.32,818.857727050781,818.857727050781,135.52618793305,20.6508988700187,0.109702774746023,16.7393535290268,89.9852240344664,0.29030999678666,0.00228773124194349,48.9181213378906,2.10855881457587,143.817289133556,-6362514.56906701
3.42,819.232849121094,819.232849121094,137.632954111323,21.3463002610882,0.11131569810613,16.7584803349621,89.9793744766456,0.280155330611458,0.00244964560364334,48.8846740722656,2.17956600244065,147.415764909238,-6362514.52232179
3.52,819.942260742188,819.942260742188,139.809397989884,22.0440150213905,0.113093597475754,16.7844855193042,89.9746339168439,0.27185297530409,0.00261740103748508,48.8512001037598,2.25080952009819,151.138502893969,-6362514.46533982
3.62,820.752014160156,820.752014160156,142.055776950903,22.7445225889866,0.114921763929412,16.8125910008754,89.9711857539095,0.265027862458701,0.00279122135896421,48.817699432373,2.32233839256503,154.987377108075,-6362514.40312242
3.72,821.404052734375,821.404052734375,144.372375590727,23.4477624730357,0.116859551811197,16.8375113911132,89.9690608956424,0.259766140790326,0.00297126751566126,48.7841720581055,2.3941464234789,158.963118158281,-6362514.33651754
3.82,821.680236816406,821.680236816406,146.759431023151,24.1530621826623,0.118850977075436,16.8547629190205,89.9683172870949,0.255930405323324,0.00315758623804955,48.7506256103516,2.46616498454,163.064892659895,-6362514.26657117
3.92,821.468200683594,821.468200683594,149.217082975432,24.8593712737732,0.120707385394673,16.8620153441134,89.9689007993102,0.25296409450609,0.003350074985077,48.7170829772949,2.53828691386764,167.290624237619,-6362514.19999821
4.02,820.818115234375,820.818115234375,151.74538228102,25.5659520220973,0.122496396333394,16.8602732637403,89.9706244406892,0.25091135233773,0.0035485268722401,48.6835594177246,2.61043685487698,171.638663640246,-6362514.13715143
4.12,819.991943359375,819.991943359375,154.344327182509,26.2720794487173,0.124188966497011,16.8548961153268,89.9734952364768,0.249705255553054,0.00375271603597187,48.650074005127,2.68254079899987,176.107112054713,-6362514.07989876
4.22,819.207336425781,819.207336425781,157.013847687282,26.9777873490186,0.125752056773358,16.8503546141584,89.9772799786518,0.249114372192518,0.00396244516937104,48.6166229248047,2.75460221728429,180.695901717059,-6362514.02934475
4.32,818.601989746094,818.601989746094,159.75391102396,27.6830482850853,0.127153470955987,16.8494860352259,89.9818950204592,0.249079397623655,0.00417764220786101,48.5832023620605,2.82661832642543,185.404832936823,-6362513.98707841
4.42,818.320617675781,818.320617675781,162.564505101182,28.3886021285894,0.128276551539144,16.855282678084,89.987153681137,0.249141198850995,0.00439833730684108,48.5498008728027,2.89866473046288,190.235942092724,-6362513.95566974
4.52,818.435607910156,818.435607910156,165.445733560249,29.0952853750405,0.129212861855523,16.869255632285,89.9927976993616,0.249262548167391,0.00462468290955322,48.5164031982422,2.97082680377855,195.191866299137,-6362513.93584482
4.62,818.918090820313,818.918090820313,168.397720323876,29.8038359192376,0.129928278129043,16.890831648639,89.9985418700861,0.249343968968466,0.00485696645973204,48.4829940795898,3.04317991321386,200.275252099149,-6362513.9269577
4.72,819.627075195313,819.627075195313,171.420722310431,30.5148468173242,0.130411081139945,16.9171204058465,89.9950514815443,0.249230838884208,0.00509545370116868,48.4495620727539,3.11578462474199,205.48857956659,-6362513.92938743
4.82,820.348266601563,820.348266601563,174.514988404699,31.2286430253954,0.130702245012226,16.9437069408574,89.9891285673718,0.248828133640326,0.00534036845835362,48.4161033630371,3.18867410511859,210.833687148988,-6362513.94420026
4.92,820.867736816406,820.867736816406,177.680771211162,31.944676142209,0.130817221367715,16.966168985243,89.9833885357537,0.248135318901291,0.00559184388225195,48.3826217651367,3.26179235806194,216.309644310735,-6362513.96815065
5.02,821.093322753906,821.093322753906,180.91828790307,32.6627379522518,0.130731088345881,16.9825877826181,89.9779745072519,0.247011515334328,0.00584986587528404,48.3491287231445,3.33511813714097,221.916464227252,-6362514.00180647
5.12,821.167114257813,821.167114257813,184.227694068104,33.3821674372693,0.13053458451158,16.9958876185943,89.9729726500333,0.245459402300752,0.00611431565783697,48.3156356811523,3.40858391529753,227.652496496215,-6362514.04272206
5.22,821.237976074219,821.237976074219,187.60912834201,34.1030080590038,0.130279097669547,17.009146571985,89.9684786043984,0.243627674535537,0.00638505632728462,48.2821388244629,3.48219411301056,233.518322331831,-6362514.09469962
5.32,821.310424804688,821.310424804688,191.062707720324,34.8249834748055,0.129861718850823,17.0224554800475,89.9646086147276,0.241153552460343,0.00666203854293128,48.2486457824707,3.55592056588387,239.513401961885,-6362514.1519473
5.42,821.384338378906,821.384338378906,194.588574723341,35.5483437722214,0.12939902348817,17.0358146076305,89.9613678011484,0.238265423281826,0.00694527930193965,48.2151489257813,3.62978877424143,245.639036113396,-6362514.21345108
5.52,821.459716796875,821.459716796875,198.186861191876,36.2731232870202,0.128902530395665,17.049221362964,89.9587753187799,0.234949490551157,0.0072348038836635,48.1816558837891,3.70380224799453,251.895780203864,-6362514.27999758
5.62,821.536682128906,821.536682128906,201.857673563063,36.9986363286494,0.128228639469811,17.0626810812541,89.9568755704374,0.231038487838284,0.00753062039524576,48.1481590270996,3.77789103315536,258.281481866725,-6362514.34819023
5.72,821.615051269531,821.615051269531,205.601112338714,37.7254721897964,0.127545313149479,17.0761873629932,89.955648823364,0.226732184096795,0.00783261627957864,48.1146659851074,3.85211525116119,264.798654555343,-6362514.41831333
5.82,821.695007324219,821.695007324219,209.41732600145,38.4537891508384,0.126874353543546,17.0897454664088,89.955156171029,0.222038666329943,0.00814087280482829,48.0811729431152,3.92649106576675,271.448376174085,-6362514.49162544
5.92,821.776489257813,821.776489257813,213.306432452984,39.183243402051,0.126164617969624,17.1033555874719,89.9553111969965,0.217025271313476,0.00845551866430856,48.0476760864258,4.00098340618365,278.229715943336,-6362514.56045618
6.02,821.859313964844,821.859313964844,217.268583768047,39.914095934012,0.125542384773519,17.1170113048528,89.9559427263235,0.211894685575675,0.00877653366757588,48.0141830444336,4.07561889165254,285.144139328972,-6362514.62532323
6.12,821.92578125,821.92578125,221.303896411322,40.6463575598266,0.124979019041327,17.130346532225,89.9570513183301,0.206644008656536,0.00910394235569353,47.9806861877441,4.15039864216089,292.192129032686,-6362514.6906445
6.22,821.784973144531,821.784973144531,225.412500496022,41.3797443849202,0.124584816418199,17.1393746713162,89.9585220862338,0.201485214932785,0.00943777346003323,47.9471969604492,4.2252936519144,299.37293969281,-6362514.75156845
6.32,821.352294921875,821.352294921875,229.594470752403,42.1135495496281,0.124271679343038,17.1423170281974,89.9602879491346,0.196397251707089,0.00977791902201196,47.9137268066406,4.3002317791221,306.68384690769,-6362514.80858621
6.42,820.7685546875,820.7685546875,233.849854625762,42.8475601376621,0.124083279281342,17.1421003084246,89.9622505772147,0.191535372924833,0.0101241553322963,47.8802795410156,4.3751912801448,314.124055524357,-6362514.8613056
6.52,820.248168945313,820.248168945313,238.178644812666,43.5816797957163,0.123954244699315,17.1431978286769,89.964412403136,0.186744852803159,0.0104763092504677,47.8468589782715,4.45016234396678,321.693182338029,-6362514.91104811
6.62,819.996887207031,819.996887207031,242.580843777396,44.3160177865268,0.123821960412002,17.1499196187014,89.9666073215148,0.182044417259426,0.0108342893918516,47.8134536743164,4.52515615834614,329.391766643152,-6362514.95588407
6.72,820.132019042969,820.132019042969,247.056552642956,45.0514647610985,0.123813810194523,17.1647340381706,89.968889015294,0.177588391616513,0.0111982295773047,47.7800598144531,4.60026364543785,337.224028355442,-6362514.9966617
6.82,820.65771484375,820.65771484375,251.605911342427,45.7888503398393,0.123789131234182,17.1877545939767,89.9711210237741,0.173260260188721,0.0115684535120677,47.7466506958008,4.67556957587306,345.194248345681,-6362515.03208846
6.92,821.472351074219,821.472351074219,256.229182417504,46.5291684672775,0.123908576950455,17.2168727938148,89.9732393524465,0.169265798830768,0.0119454201668776,47.7132148742676,4.75117541272141,353.307864949107,-6362515.06418413
7.02,822.433349609375,822.433349609375,260.926667274907,47.2726323935734,0.124195626582992,17.2491125661655,89.9752418018627,0.165682695730581,0.0123296008148509,47.6797485351563,4.82710293985497,361.566857055761,-6362515.09315492
7.12,823.420532226563,823.420532226563,265.698673126288,48.0192461155239,0.12457484689584,17.2819596326009,89.9770218345188,0.162357098912718,0.0127212306052739,47.6462478637695,4.90335260075256,369.972279826179,-6362515.11832598
7.22,824.364685058594,824.364685058594,270.545556627214,48.7690669737374,0.124905569189501,17.313963048655,89.9786102435715,0.1592012741641,0.0131204506630109,47.6127090454102,4.97993029791189,378.525477508083,-6362515.14189351
7.32,825.132019042969,825.132019042969,275.467605886981,49.5220514466937,0.125320811044963,17.3423063990098,89.9800011849414,0.156405520641287,0.0135273565881508,47.5791397094727,5.05683156756788,387.227294765413,-6362515.16214114
7.42,825.577758789063,825.577758789063,280.465105115436,50.2773564209827,0.125808929345006,17.3639328226322,89.9810996576176,0.154090847234018,0.0139418788017726,47.5455513000488,5.13397032297132,396.074363488704,-6362515.1823453
7.52,825.628662109375,825.628662109375,285.538221174851,51.0343616262266,0.125923057239474,17.3772809660397,89.9818506437763,0.151405698861299,0.0143637359745788,47.5119590759277,5.21128337223206,405.064213913865,-6362515.18736
7.62,825.314025878906,825.314025878906,290.68710963428,51.792164992164,0.124738355209545,17.3829447319224,89.9768190670649,0.147490916680839,0.0147925477667925,47.4783782958984,5.28867923852749,414.192599891685,-6362514.93248449
7.72,824.775146484375,824.775146484375,295.911785514094,52.5502518147333,0.12603236029079,17.3838817274545,89.9408800326484,0.1606460627496,0.015227898111775,47.4448204040527,5.36610475974658,423.456976672634,-6362514.23655492
7.82,824.227111816406,824.227111816406,301.212214342318,53.3081300461756,0.132825133745125,17.3846157559677,89.8592806863376,0.229714522885817,0.0156693738783864,47.4112930297852,5.44350854167328,432.854651744477,-6362513.35413747
7.92,823.884338378906,823.884338378906,306.588410114869,54.066505562825,0.142597266111378,17.3896762605394,89.7306956266336,0.36004417802587,0.0161168413972782,47.3777847290039,5.52096269883191,442.389515521005,-6362512.58688074
8.02,823.839416503906,823.839416503906,312.040330078453,54.8259702112251,0.153164402698073,17.4010309063211,89.5573023558648,0.5395072585102,0.0165704882796268,47.3442878723145,5.59852809868551,452.065083294176,-6362511.97668371
8.12,823.931518554688,823.931518554688,317.568058710545,55.5868841475295,0.160825800500663,17.4152964774673,89.3410456022957,0.757551323339861,0.0170306436404684,47.3107948303223,5.6762423584031,461.883850589395,-6362511.65562555
8.22,823.820617675781,823.820617675781,323.171607736498,56.3489514213344,0.163598780651421,17.4252869779243,89.087599449118,1.00417403699143,0.0174975889687395,47.2773056030273,5.75407575480426,471.844647498801,-6362511.71911129
8.32,823.4169921875,823.4169921875,328.851057324559,57.1120074333365,0.162656813716305,17.4290899721567,88.8014426330083,1.27401090031133,0.0179712628012713,47.2438316345215,5.8320111055956,481.946859743446,-6362512.18402
8.42,822.861694335938,822.861694335938,334.606262073852,57.8750190256212,0.159733155027133,17.4296758083178,88.4881397798417,1.5596841141274,0.0184513569981613,47.2103843688965,5.90994217801267,492.184599257074,-6362513.13425411
8.52,822.370056152344,822.370056152344,340.437226707116,58.6380276576527,0.160996812576247,17.4316019897215,88.1535107423481,1.85474138760929,0.0189375084448987,47.1769638061523,5.98787135376801,502.558004559949,-6362514.61077601
8.62,822.148254394531,822.148254394531,346.343874411657,59.4009559876883,0.175395149741614,17.4392475661497,87.8032761521218,2.15279338464201,0.0194295197877306,47.1435623168945,6.06578799120143,513.066413153894,-6362516.66758795
8.72,822.313659667969,822.313659667969,352.326251476072,60.1647230069817,0.211439962442666,17.4551217536825,87.4437936537066,2.44763067689616,0.0199274861409684,47.110164642334,6.14378207050447,523.715281561017,-6362519.31837451
8.82,822.870849609375,822.870849609375,358.384533116594,60.9300882860015,0.271492502083228,17.4793449645321,87.0807383319193,2.73414140591011,0.0204317705912361,47.0767555236816,6.221926431405,534.509321926162,-6362522.55907488
8.92,823.717712402344,823.717712402344,364.518912059255,61.6978328280925,0.353866823238224,17.5097686732822,86.7197142009797,3.00680272498782,0.0209429629294364,47.0433235168457,6.30029506639028,545.453645000234,-6362526.40351616
9.02,824.71142578125,824.71142578125,370.729770028964,62.4682866681065,0.455594254772204,17.5433722902665,86.3658802469172,3.26109928147978,0.0214615216785327,47.0098571777344,6.37891552701046,556.55073954165,-6362530.84717048
9.12,825.713439941406,825.713439941406,377.017392966896,63.2412258510963,0.573593352992149,17.5772147608252,86.0241211683884,3.49387247099359,0.0219877498660942,46.9763526916504,6.45775924395753,567.799589388072,-6362535.83044157
9.22,826.462829589844,826.462829589844,383.382171195932,64.016866207806,0.706640463081675,17.6057340213895,85.6979898460587,3.7018326739868,0.0225217455170897,46.9428215026855,6.53684151118898,579.201948488131,-6362541.35665095
9.32,826.740295410156,826.740295410156,389.824406910688,64.7943356699992,0.853106184616031,17.6242394375532,85.3901057150572,3.88363584539152,0.0230634245233708,46.9092750549316,6.61606738505782,590.752404787578,-6362547.37886551
9.42,826.541748046875,826.541748046875,396.344263787381,65.5724504961791,1.01069955990972,17.6326151153888,85.1032268717559,4.03851376797974,0.0236123662537741,46.875732421875,6.69531206259933,602.443156191148,-6362553.81339269
9.52,826.009582519531,826.009582519531,402.941804824397,66.3505694241422,1.1782141064782,17.6338705634458,84.8374492523922,4.16736138799889,0.0241678847208296,46.8422164916992,6.77450584339795,614.269602532499,-6362560.61921154
9.62,825.37939453125,825.37939453125,409.617039272562,67.1286099994244,1.35533278548564,17.6330236425571,84.5943407701524,4.26882665205057,0.0247294164072615,46.8087272644043,6.85363512413176,626.230630221777,-6362567.79375501
9.72,824.91064453125,824.91064453125,416.370022503659,67.9062079039047,1.54027158293206,17.6356153587189,84.3738911024784,4.34445145948131,0.0252966777594922,46.7752685546875,6.93266119600514,638.323406253941,-6362575.26916952
9.82,824.823364257813,824.823364257813,423.200675589032,68.6845199298502,1.73308403464407,17.6463662346695,84.1763611347654,4.39406768299497,0.0258696544688464,46.7418251037598,7.01169758594449,650.555383846164,-6362583.0412657
9.92,825.230590820313,825.230590820313,430.109232759103,69.4643363338348,1.93149295047397,17.6677210602368,84.0016028553307,4.41979992656707,0.026448855095601,46.7083778381348,7.09082710615996,662.932465068065,-6362591.01447311
10.02,826.082214355469,826.082214355469,437.095850603655,70.2471843281279,2.13534901707506,17.6986362767435,83.8493136078887,4.42199500335066,0.0270351437248739,46.6749076843262,7.17020343156787,675.465808367357,-6362599.19656849
10.12,827.096252441406,827.096252441406,444.160690058023,71.0335012894437,2.34239566695605,17.7330896602658,83.7159346058652,4.4061547854934,0.0276293162026106,46.6414070129395,7.24987642873248,688.15977467224,-6362607.48728033
10.22,827.861694335938,827.861694335938,451.304151068442,71.8233033952024,2.55366855375965,17.7622718791184,83.5995545874056,4.37333181374377,0.0282320101062634,46.6078720092773,7.32984304381819,701.015177707188,-6362615.93181545
10.32,828.154479980469,828.154479980469,458.526403097436,72.616089862676,2.76737673042738,17.781352064594,83.4991335835934,4.32600722489892,0.0288432811047742,46.5743255615234,7.41005760610767,714.029589964077,-6362624.45099228
10.42,827.970397949219,827.970397949219,465.827582343481,73.4108025680822,2.98269233630155,17.7902106064168,83.4109652643832,4.26852640888016,0.0294629294448896,46.5407867431641,7.49041524894471,727.196141473018,-6362633.00522924
10.52,827.4521484375,827.4521484375,473.207658298314,74.2061325214368,3.19991165840298,17.7918893507096,83.3327578801773,4.20275905287673,0.0300901706392199,46.507266998291,7.57078115498325,740.50518717058,-6362641.6187928
10.62,826.835571289063,826.835571289063,480.666524064727,75.0010505955103,3.41821295419134,17.7914416059398,83.2622739533968,4.13155224545859,0.0307237193678921,46.4737815856934,7.6510541063044,753.949131086469,-6362650.25076911
10.72,826.380676269531,826.380676269531,488.204270371236,75.7974725436863,3.63764403236288,17.7944659505698,83.1969669191948,4.05738176473248,0.0313633814464088,46.4403190612793,7.73143036443184,767.542658162303,-6362658.90983606
10.82,826.307983398438,826.307983398438,495.820852488279,76.5957677328829,3.85805790519445,17.8057232367119,83.1348804163031,3.98230365165613,0.0320097748872144,46.4068756103516,7.81194912430124,781.289074117318,-6362667.58360668
10.92,826.730651855469,826.730651855469,503.516348101199,77.395407232089,4.07942174067217,17.8276802333827,83.0738062782985,3.90845448252942,0.0326635080781654,46.3734283447266,7.89255718626828,795.184787901118,-6362676.27677038
11.02,827.598571777344,827.598571777344,511.290878413245,78.1986900510059,4.302349533406,17.8592846424229,83.0120245932125,3.83713272571504,0.0333247779267591,46.3399620056152,7.97348689978185,809.24830017332,-6362685.01379169
11.12,828.665466308594,828.665466308594,519.144785546698,79.0054692612469,4.5267146013459,17.89524638025,82.947865242814,3.77006593356706,0.0339942285138748,46.3064575195313,8.05472432996999,823.479574956931,-6362693.78959559
11.22,829.903869628906,829.903869628906,527.078207313083,79.8158144520519,4.75278709660524,17.9349814392498,82.8799525842341,3.70839084093844,0.0346728887817866,46.2729148864746,8.13627532702446,837.880186259747,-6362702.61878143
11.32,831.260131835938,831.260131835938,535.091641902924,80.6303542017773,4.98107633115486,17.9773408301806,82.8071252363168,3.6528992392959,0.0353608511922208,46.2393264770508,8.21820116408719,852.456171665341,-6362711.51985988
11.42,832.446533203125,832.446533203125,543.185340746306,81.4501865963858,5.21192151416347,18.0161049569768,82.7288185928362,3.60395962567813,0.0360583036301735,46.2056884765625,8.3006118581709,867.217713567428,-6362720.5066285
11.52,833.173461914063,833.173461914063,551.359678486362,82.2734033716239,5.44549488273048,18.0449846861118,82.6443739872196,3.56198211947157,0.0367658266787538,46.1720237731934,8.38331059499058,882.15027014073,-6362729.59176546
11.62,833.262573242188,833.262573242188,559.614893408492,83.0987125595393,5.68199616500937,18.0600870235209,82.5535322152919,3.52701183198389,0.0374829261160521,46.1383476257324,8.4661632072042,897.243609610945,-6362738.78286551
11.72,832.737976074219,832.737976074219,567.951107084751,83.9247118929152,5.92166651915608,18.061891256785,82.4562766493145,3.498838968979,0.0382081527428742,46.1046943664551,8.54902368370381,912.485983730294,-6362748.08498093
11.82,831.811767578125,831.811767578125,576.368108516559,84.7501244909323,6.16446567284882,18.0549659579158,82.3527448885201,3.47725123723864,0.0389401092873256,46.0710792541504,8.631760633721,927.866156906821,-6362757.50678181
11.92,830.802185058594,830.802185058594,584.865724232979,85.5752323897464,6.41090817771615,18.0462015980999,82.2433365663482,3.46152110906471,0.0396777618638082,46.0375099182129,8.7143980174227,943.385757036507,-6362767.06097885
12.02,829.9462890625,829.9462890625,593.444004230201,86.399418332934,6.66102413964115,18.0407487171289,82.1286675392729,3.45096743751142,0.0404208961323955,46.0039825439453,8.79687105530081,959.038890954107,-6362776.75829471
12.12,829.239807128906,829.239807128906,602.102812441997,87.2240905795718,6.91531151462782,18.0385216361613,82.0093678409337,3.44471064933067,0.041169625113553,45.9704971313477,8.87931861711638,974.837132887915,-6362786.61240831
12.22,828.794677734375,828.794677734375,610.842146937735,88.049233495456,7.17372034356579,18.0419701881372,81.8859935126904,3.44221741091563,0.0419243280786163,45.9370384216309,8.96173790094929,990.780176783912,-6362796.62916048
12.32,828.827026367188,828.827026367188,619.662052614614,88.8749927009767,7.43689985323458,18.0558180251174,81.7596309667318,3.44201659421216,0.0426851688524861,45.9035987854004,9.04413664130664,1006.86857037805,-6362806.82746103
12.42,829.341125488281,829.341125488281,628.562508010305,89.7029191961856,7.70481911856464,18.0801930445161,81.6309287078321,3.44356369091157,0.0434525900541686,45.8701477050781,9.12667209573044,1023.11637982726,-6362817.21120004
12.52,830.193786621094,830.193786621094,637.543825346045,90.5346382470902,7.97787412804285,18.1119974433684,81.5007887141152,3.44582249616797,0.0442281144162646,45.8366775512695,9.20950539776925,1039.53872256726,-6362827.79550195
12.62,831.148254394531,831.148254394531,646.606221076101,91.3693316098485,8.2560933812986,18.1460831106582,81.3700014523565,3.44797679306391,0.0450125877473974,45.8031768798828,9.29255032151821,1056.1286989674,-6362838.57244795
12.72,831.943237304688,831.943237304688,655.750065420754,92.2073642793775,8.53918711847161,18.1767462855796,81.2392408159264,3.44955342199984,0.0458061159975494,45.769645690918,9.37584492078213,1072.8905833764,-6362849.54398264
12.82,832.357543945313,832.357543945313,664.975490553305,93.0476734549889,8.82739308552669,18.1991371743344,81.109442220314,3.44945558865554,0.0466085968377765,45.7360992431641,9.45927593511931,1089.81467345729,-6362860.70856342
12.92,832.277465820313,832.277465820313,674.282701595686,93.8897975830927,9.12037884324476,18.2107419705323,80.9811848520579,3.44728499579942,0.0474195466340514,45.7025566101074,9.54279719217072,1106.89708979987,-6362872.05927606
13.02,831.753112792969,831.753112792969,683.671764977276,94.7336836978472,9.4180845009216,18.2126265383569,80.8549723397664,3.44260519499664,0.0482383511941509,45.6690368652344,9.62640196542623,1124.13752706442,-6362883.58447336
13.12,831.050109863281,831.050109863281,693.142484205775,95.5767314964257,9.71998758382481,18.2105854626473,80.7314741074896,3.43490297800945,0.049064109364351,45.6355514526367,9.7098268676765,1141.51100476831,-6362895.27255742
13.22,830.388977050781,830.388977050781,702.695012612268,96.419967638679,10.0259664342706,18.2094473661228,80.6113163743216,3.42366324420338,0.0498958890170109,45.6020965576172,9.79317694054168,1159.02709910832,-6362907.11658714
13.32,829.909240722656,829.909240722656,712.329242737032,97.2637434375969,10.3358145399285,18.2122746075842,80.494496489421,3.40907382638013,0.0507335478960107,45.568675994873,9.8764890212293,1176.68911512848,-6362919.10036211
13.42,829.757568359375,829.757568359375,722.045005051419,98.1083153063674,10.6493874468795,18.2223029808913,80.3807081387839,3.39154589605331,0.0515772715172242,45.5352745056152,9.95978970248166,1194.49950582441,-6362931.21850001
13.52,830.007873535156,830.007873535156,731.842550160363,98.9551005600412,10.9677119818276,18.2411788554771,80.2707220815037,3.36976765588161,0.05242766654585,45.5018768310547,10.0432115523579,1212.47142288834,-6362943.51662909
13.62,830.630859375,830.630859375,741.722009209916,99.8042052551238,11.2892927474324,18.2682819870014,80.1649224077396,3.34425004998733,0.0532858760742225,45.4684715270996,10.1267811796228,1230.60780057311,-6362955.93350542
13.72,831.483581542969,831.483581542969,751.683557768352,100.657035501624,11.6145085618496,18.3004920942598,80.0621914042816,3.31597204193059,0.0541525137405766,45.4350395202637,10.2106378506936,1248.92329700198,-6362968.48059233
13.82,832.348815917969,832.348815917969,761.72734582983,101.513620681203,11.9435330937187,18.3330360101605,79.9623498294751,3.28504822227853,0.0550283741501995,45.4015808105469,10.2947815169773,1267.41877465043,-6362981.16645792
13.92,833.009582519531,833.009582519531,771.853892327286,102.373671468361,12.276518491464,18.3611318750045,79.8658100067421,3.25097137871531,0.0559141686579859,45.3680953979492,10.379179481394,1286.09199469537,-6362993.99087987
14.02,833.3720703125,833.3720703125,782.06316676084,103.236477579417,12.6126344107303,18.3826912971388,79.7722540139973,3.21444873060508,0.0568094644553184,45.3346061706543,10.463767994681,1304.93713810295,-6363006.92742622
14.12,833.598815917969,833.598815917969,792.355335049331,104.101371403541,12.9524402526482,18.4012892518947,79.6811035129791,3.17572233104323,0.0577135705882923,45.3011093139648,10.5484704723825,1323.94700603187,-6363019.99101369
14.22,834.034057617188,834.034057617188,802.730797262862,104.967824119317,13.2949025580959,18.4245221390534,79.5929293902469,3.1347485272357,0.0586259427191535,45.2676086425781,10.6332449466439,1343.11759589892,-6363033.15125031
14.32,834.768493652344,834.768493652344,813.189264896326,105.837810758681,13.6410989676867,18.4544100167939,79.5076574864142,3.09114250490295,0.0595462798631436,45.2340927124023,10.7182800389555,1362.46896000672,-6363046.43823704
14.42,835.659423828125,835.659423828125,823.731352656148,106.711281328773,13.9895795469316,18.4878153553706,79.4244892999084,3.04649992631015,0.0604755067868375,45.2005500793457,10.8035893775234,1382.0035675345,-6363059.80017505
14.52,836.489074707031,836.489074707031,834.357115386985,107.588440714187,14.3409580815176,18.519924532018,79.3422231598218,3.00171356111712,0.061414629786197,45.1669807434082,10.8891855929312,1401.72364954278,-6363073.26184511
14.62,837.048889160156,837.048889160156,845.066726519726,108.469178440187,14.6953710853613,18.5461106704775,79.2604406482841,2.95706650274225,0.0623638225977975,45.1333923339844,10.9750550034088,1421.62873724382,-6363086.82636875
14.72,837.219360351563,837.219360351563,855.860684677958,109.353245248825,15.0528469546351,18.5637044579376,79.1791547607067,2.91258374782683,0.0633230376933153,45.0998001098633,11.0611710427879,1441.71697863098,-6363100.48884697
14.82,836.996337890625,836.996337890625,866.73883533664,110.237372574497,15.4129138108735,18.5725883008902,79.0980765728871,2.86851420874489,0.0642913090929395,45.066219329834,11.1472028465639,1461.95283958502,-6363114.23915396
14.92,836.48291015625,836.48291015625,877.70124216564,111.123136166842,15.7756597334538,18.5750256055823,79.0173897735428,2.82475182932627,0.0652665370695669,45.0326652526855,11.2333112293383,1482.35380852595,-6363128.0771088
15.02,835.823425292969,835.823425292969,888.747970302589,112.008805063683,16.140669765451,18.5742081703049,78.9363187937397,2.78215479351005,0.066248369760679,44.9991416931152,11.3193233258588,1502.90096115228,-6363141.98596019
15.12,835.140075683594,835.140075683594,899.878646905534,112.894235379858,16.507995282082,18.5728430265442,78.8545543784433,2.740928423231,0.0672365221654996,44.9656562805176,11.4052231529113,1523.59211273119,-6363155.97749596
15.22,834.503234863281,834.503234863281,911.093573290855,113.781233014043,16.8783110671802,18.5724967458231,78.7731079152644,2.69991087861903,0.0682305545036601,44.9322052001953,11.4911865123377,1544.44680264033,-6363170.06096969
15.32,834.048583984375,834.048583984375,922.392534648068,114.668225464808,17.2513233657381,18.5761966962295,78.6911468985497,2.65990216667722,0.0692310382113451,44.8987808227539,11.5770548571389,1565.44710222166,-6363184.23400875
15.42,833.923645019531,833.923645019531,933.775443509221,115.556428462717,17.6265058637872,18.5872415971513,78.6089250390442,2.62106424605501,0.0702376750718763,44.8653793334961,11.6629616080523,1586.60801905207,-6363198.47863286
15.52,834.202514648438,834.202514648438,945.242431813851,116.445954803095,18.0044750686031,18.6073069447049,78.5256637940816,2.58376308148653,0.0712508656821902,44.8319854736328,11.7489083633106,1607.92986905016,-6363212.81549273
15.62,834.855895996094,834.855895996094,956.793625305407,117.339256947388,18.3857624311593,18.6357684534607,78.4410655619441,2.54828060503472,0.0722719983086018,44.7985763549805,11.8351395697296,1629.44131063577,-6363227.26310144
15.72,835.740234375,835.740234375,968.429441517219,118.235821634051,18.7705419071816,18.6694412928804,78.3556713416363,2.51393167678382,0.0733022599125921,44.7651443481445,11.9215986058728,1651.13664350845,-6363241.83052757
15.82,836.637145996094,836.637145996094,980.149981848896,119.136061886629,19.1587818042601,18.7034567120664,78.2696063089506,2.48062858192995,0.0743421243175186,44.7316856384277,12.008327977753,1673.02177466173,-6363256.51319186
15.92,837.328369140625,837.328369140625,991.955456402153,120.039194423467,19.5506120522168,18.7329309334538,78.1830158281933,2.44811178036702,0.0753917233354482,44.6982040405273,12.0952436197471,1695.08758866321,-6363271.32671602
16.02,837.719787597656,837.719787597656,1003.84608729836,120.94576189517,19.9459683152648,18.7557418120343,78.0967000268831,2.41570037053402,0.0764511922305795,44.6647109985352,12.1824020314286,1717.34148340952,-6363286.25090033
16.12,837.937927246094,837.937927246094,1015.8221133668,121.854511714733,20.3442149282842,18.7747060741611,78.010034435126,2.38415420900822,0.0775199933548251,44.6312141418457,12.2696836997344,1739.76995850727,-6363301.27432111
16.22,837.940124511719,837.940124511719,1027.88375298772,122.766074223584,20.7454578734648,18.7888536044655,77.9228578680377,2.35364718668303,0.0785974207536215,44.5977249145508,12.357151599716,1762.38106637355,-6363316.39980477
16.32,837.644470214844,837.644470214844,1040.03084697109,123.678599766643,21.150262619805,18.7963323164346,77.8349002407778,2.32403669526927,0.079683256891866,44.5642509460449,12.4446033733032,1785.1507256357,-6363331.64354138
16.42,837.194152832031,837.194152832031,1052.26360883005,124.592357427172,21.5580420819023,18.8003362149638,77.7478066912949,2.29399584849828,0.0807766418255889,44.5308074951172,12.5320765024505,1808.08344679512,-6363346.98082574
16.52,836.808288574219,836.808288574219,1064.58195203729,125.50673321224,21.9681598626254,18.8057865416767,77.6603447887015,2.2648997227671,0.0818765329359583,44.4973831176758,12.6195182515989,1831.17277540453,-6363362.39582802
